,0
0,0.49999999999999994
1,0.5046738317756996
2,0.5093452143200187
3,0.5140126827121804
4,0.5186747781714431
5,0.5233300502190074
6,0.527977058812277
7,0.5326143764445916
8,0.5372405902037517
9,0.5418543037829394
10,0.5464541394377426
11,0.5510387398835258
12,0.555606770127508
13,0.5601569192303939
14,0.5646879019927091
15,0.5691984605614532
16,0.5736873659530451
17,0.5781534194889933
18,0.5825954541411978
19,0.5870123357841535
20,0.5914029643518932
21,0.5957662748978659
22,0.6001012385564687
23,0.6044068634053628
24,0.608682195228153
25,0.6129263181774662
26,0.6171383553388272
27,0.6213174691961963
28,0.62546286200037
29,0.6295737760418327
30,0.6336494938299753
31,0.6376893381809441
32,0.6416926722166544
33,0.6456588992777657
34,0.6495874627536985
35,0.6534778458329739
36,0.6573295711773292
37,0.6611422005232609
38,0.6649153342147973
39,0.6686486106713424
40,0.6723417057946528
41,0.6759943323189429
42,0.6796062391082428
43,0.6831772104051338
44,0.6867070650349396
45,0.6901956555695359
46,0.6936428674547637
47,0.6970486181054942
48,0.7004128559722447
49,0.7037355595832016
50,0.7070167365653628
51,0.7102564226484418
52,0.7134546806550246
53,0.7166115994803284
54,0.7197272930648094
55,0.7228018993626897
56,0.7258355793093076
57,0.7288285157900852
58,0.7317809126137024
59,0.7346929934919366
60,0.7375650010284374
61,0.7403971957185881
62,0.7431898549623873
63,0.7459432720921608
64,0.7486577554167871
65,0.7513336272838795
66,0.753971223161315
67,0.7565708907392892
68,0.7591329890539796
69,0.761657887633723
70,0.7641459656685322
71,0.7665976112035965
72,0.7690132203573755
73,0.7713931965646568
74,0.7737379498449984
75,0.7760478960967437
76,0.7783234564167747
77,0.780565056446067
78,0.7827731257410215
79,0.7849480971704812
80,0.7870904063382549
81,0.7892004910309492
82,0.7912787906907771
83,0.7933257459130513
84,0.7953417979679315
85,0.7973273883460334
86,0.7992829583273982
87,0.8012089485733467
88,0.7442762916987304
89,0.7468521353598621
90,0.7493933047028719
91,0.7519000956747978
92,0.7543728137475195
93,0.7568117732356375
94,0.7592172966322428
95,0.7615897139631024
96,0.7639293621596601
97,0.7662365844512079
98,0.7685117297764652
99,0.770755152214778
100,0.7729672104370587
101,0.7751482671764997
102,0.7772986887190998
103,0.7794188444139275
104,0.7815091062030074
105,0.7835698481707043
106,0.7856014461123835
107,0.7876042771221359
108,0.7895787191992825
109,0.7915251508733628
110,0.7934439508472733
111,0.7953354976581997
112,0.7972001693559779
113,0.7990383431984568
114,0.8008503953634736
115,0.7472685240482929
116,0.749654181959514
117,0.752009257151178
118,0.7543340227973876
119,0.7566287584393416
120,0.7588937494858398
121,0.7611292867284092
122,0.7633356658712198
123,0.7655131870759286
124,0.7676621545215689
125,0.7697828759795309
126,0.7718756624036327
127,0.7739408275352604
128,0.7759786875235167
129,0.777989560560267
130,0.7799737665299512
131,0.7819316266740183
132,0.7838634632697665
133,0.7857695993234162
134,0.7876503582771487
135,0.7895060637298846
136,0.7913370391715159
137,0.7931436077303281
138,0.7949260919332929
139,0.7966848134789383
140,0.7984200930224792
141,0.80013224997287
142,0.7495207004044312
143,0.7517393472151158
144,0.7539310373807241
145,0.7560960163838562
146,0.7582345338997071
147,0.7603468434343009
148,0.762433201974129
149,0.7644938696472239
150,0.7665291093956718
151,0.7685391866595789
152,0.7705243690724018
153,0.7724849261676328
154,0.7744211290966885
155,0.7763332503579474
156,0.7782215635367701
157,0.7800863430563741
158,0.781927863939395
159,0.7837464015799595
160,0.7855422315260795
161,0.7873156292721671
162,0.7890668700614692
163,0.7907962286981775
164,0.7925039793690245
165,0.794190395474094
166,0.7958557494666377
167,0.7975003127016334
168,0.799124355292859
169,0.8007281459782105
170,0.7532303524091944
171,0.7552782358939268
172,0.7573025687175623
173,0.7593035700177884
174,0.7612814613887813
175,0.7632364666300596
176,0.7651688115039285
177,0.7670787235014928
178,0.7689664316171587
179,0.7708321661315537
180,0.7726761584027861
181,0.7744986406659138
182,0.776299845840547
183,0.7780800073464285
184,0.7798393589268723
185,0.7815781344799213
186,0.7832965678970678
187,0.78499489290939
188,0.786673342940934
189,0.788332150969178
190,0.7899715493924214
191,0.7915917699038962
192,0.7931930433724605
193,0.7947755997296637
194,0.7963396678630232
195,0.7978854755153176
196,0.7994132491897343
197,0.8009232140606651
198,0.7561523356484762
199,0.7580524246820712
200,0.7599319161592202
201,0.7617910015058663
202,0.7636298735109368
203,0.765448726153807
204,0.7672477544380292
205,0.7690271542312636
206,0.7707871221113475
207,0.7725278552183814
208,0.7742495511127717
209,0.775952407639103
210,0.7776366227957601
211,0.7793023946101554
212,0.780949921019488
213,0.7825793997568823
214,0.7841910282428046
215,0.7857850034816213
216,0.7873615219631942
217,0.7889207795693441
218,0.7904629714851062
219,0.7919882921145972
220,0.7934969350014087
221,0.794989092753353
222,0.7964649569714611
223,0.7979247181830933
224,0.7993685657790311
225,0.8007966879544123
226,0.7584288296617334
227,0.7602004814004536
228,0.7619540817171901
229,0.7636897953485744
230,0.7654077877239259
231,0.7671082248476585
232,0.76879127318615
233,0.7704570995590146
234,0.7721058710346961
235,0.7737377548302994
236,0.7753529182155837
237,0.7769515284210398
238,0.7785337525499455
239,0.7800997574943319
240,0.781649709854762
241,0.783183775863822
242,0.7847021213132481
243,0.7862049114845838
244,0.7876923110832815
245,0.789164484176153
246,0.7906215941320586
247,0.7920638035657804
248,0.7934912742849347
249,0.7949041672398801
250,0.7963026424764824
251,0.797686859091684
252,0.7990569751917659
253,0.8004131478532107
254,0.7601771395584465
255,0.761836617086717
256,0.7634802319840486
257,0.7651081245547435
258,0.7667204353980708
259,0.7683173053286205
260,0.7698988752997946
261,0.7714652863303523
262,0.7730166794339608
263,0.7745531955516826
264,0.7760749754873342
265,0.7775821598456569
266,0.7790748889732269
267,0.7805533029020343
268,0.7820175412956798
269,0.7834677433981044
270,0.7849040479847927
271,0.7863265933163834
272,0.7877355170946165
273,0.78913095642054
274,0.7905130477549476
275,0.7918819268809205
276,0.793237728868464
277,0.7945805880411437
278,0.7959106379446633
279,0.79722801131732
280,0.798532840062284
281,0.7998252552216245
282,0.8011053869520384
283,0.7630546497685228
284,0.7646016211738844
285,0.7661347283805551
286,0.7676540901035008
287,0.7691598250730114
288,0.7706520519832051
289,0.7721308894426464
290,0.7735964559270277
291,0.7750488697338406
292,0.7764882489390317
293,0.7779147113555548
294,0.7793283744937962
295,0.7807293555238106
296,0.7821177712393205
297,0.7834937380234508
298,0.7848573718161136
299,0.786208788083028
300,0.7875481017863101
301,0.788875427356599
302,0.7901908786666569
303,0.7914945690064089
304,0.7927866110593788
305,0.7940671168804599
306,0.7953361978750065
307,0.7965939647791697
308,0.7978405276414589
309,0.7990759958054721
310,0.8003004778937712
311,0.7639314984041602
312,0.7653930294106206
313,0.7668422926566503
314,0.7682793879458581
315,0.7697044149945005
316,0.7711174733970013
317,0.7725186625929047
318,0.7739080818352266
319,0.7752858301601585
320,0.7766520063581059
321,0.778006708946014
322,0.779350036140948
323,0.7806820858348976
324,0.7820029555707617
325,0.7833127425194988
326,0.784611543458392
327,0.7858994547503936
328,0.7871765723245345
329,0.7884429916573551
330,0.7896988077553155
331,0.7909441151381823
332,0.7921790078233287
333,0.7934035793109422
334,0.7946179225700953
335,0.7958221300256656
336,0.7970162935460492
337,0.7982005044316789
338,0.7993748534042858
339,0.8005394305968905
340,0.7659156975585574
341,0.7672903242784145
342,0.7686541409759332
343,0.7700072312010096
344,0.771349678347993
345,0.7726815656337012
346,0.7740029760763567
347,0.7753139924754336
348,0.7766146973924037
349,0.7779051731323342
350,0.7791855017263339
351,0.7804557649148087
352,0.7817160441315099
353,0.7829664204883492
354,0.784206974760959
355,0.7854377873749816
356,0.7866589383930483
357,0.7878705075024437
358,0.7890725740034251
359,0.7902652167981797
360,0.7914485143803939
361,0.792622544825418
362,0.7937873857810154
363,0.7949431144586463
364,0.7960898076253202
365,0.7972275415959338
366,0.7983563922261303
367,0.7994764349056411
368,0.8005877445520801
369,0.767527553906331
370,0.7688256827855697
371,0.7701142435874523
372,0.7713933060760535
373,0.7726629398404048
374,0.7739232142805818
375,0.7751741985943831
376,0.7764159617646151
377,0.7776485725469334
378,0.7788720994582465
379,0.7800866107656602
380,0.7812921744759422
381,0.7824888583254925
382,0.7836767297708099
383,0.7848558559794228
384,0.7860263038213047
385,0.7871881398607022
386,0.7883414303484338
387,0.7894862412145678
388,0.7906226380615399
389,0.7917506861576362
390,0.7928704504308663
391,0.7939819954632008
392,0.7950853854851556
393,0.7961806843707222
394,0.7972679556326255
395,0.7983472624178954
396,0.7994186675037495
397,0.8004822332937637
398,0.7688328021064795
399,0.7700631190863625
400,0.7712849296581007
401,0.772498292021014
402,0.7737032642050137
403,0.7748999040618728
404,0.7760882692569268
405,0.7772684172611015
406,0.7784404053433319
407,0.779604290563333
408,0.7807601297646981
409,0.7819079795683486
410,0.7830478963662847
411,0.7841799363156572
412,0.7853041553331406
413,0.7864206090895932
414,0.7875293530050028
415,0.7886304422436908
416,0.7897239317098019
417,0.7908098760430311
418,0.7918883296146007
419,0.7929593465234703
420,0.7940229805927895
421,0.7950792853665533
422,0.796128314106483
423,0.7971701197891062
424,0.7982047551030441
425,0.799232272446477
426,0.8002527239248054
427,0.7698847601063001
428,0.7710545518962006
429,0.7722167485026232
430,0.7733713984912767
431,0.7745185502755745
432,0.7756582521112625
433,0.7767905520912937
434,0.7779154981409367
435,0.7790331380131168
436,0.7801435192839671
437,0.7812466893486043
438,0.7823426954171107
439,0.783431584510708
440,0.78451340345813
441,0.7855881988921843
442,0.786656017246488
443,0.7877169047523822
444,0.7887709074360186
445,0.7898180711155997
446,0.7908584413987825
447,0.7918920636802347
448,0.792918983139333
449,0.7939392447380065
450,0.7949528932187113
451,0.795959973102545
452,0.796960528687478
453,0.7979546040467145
454,0.7989422430271653
455,0.7999234892480391
456,0.8008983860995428
457,0.7718422352447729
458,0.7729508404440302
459,0.7740526765985893
460,0.7751477841520525
461,0.776236203413502
462,0.7773179745544251
463,0.7783931376057757
464,0.7794617324551818
465,0.7805237988442972
466,0.7815793763662585
467,0.7826285044633018
468,0.7836712224244742
469,0.7847075693834785
470,0.7857375843166238
471,0.7867613060408993
472,0.7877787732121306
473,0.7887900243232617
474,0.7897950977027229
475,0.7907940315128984
476,0.7917868637486789
477,0.7927736322361179
478,0.7937543746311506
479,0.794729128418416
480,0.7956979309101447
481,0.7966608192451301
482,0.7976178303877675
483,0.7985690011271666
484,0.7995143680763317
485,0.8004539676714078
486,0.7724606913814472
487,0.7735208200516608
488,0.7745748534267533
489,0.7756228253582573
490,0.7766647695854646
491,0.7777007197336585
492,0.7787307093124202
493,0.7797547717140361
494,0.7807729402119711
495,0.7817852479594319
496,0.7827917279879985
497,0.7837924132063281
498,0.784787336398938
499,0.7857765302250447
500,0.7867600272174728
501,0.7877378597816249
502,0.7887100601945197
503,0.7896766606038746
504,0.7906376930272495
505,0.7915931893512503
506,0.7925431813307751
507,0.7934877005883143
508,0.7944267786132995
509,0.7953604467614898
510,0.7962887362544177
511,0.7972116781788589
512,0.7981293034863556
513,0.7990416429927776
514,0.7999487273779115
515,0.8008505871850988
516,0.7739542676707019
517,0.7749647837734875
518,0.7759698195133761
519,0.7769694032004753
520,0.777963563051502
521,0.7789523271888944
522,0.7799357236399703
523,0.7809137803361256
524,0.7818865251120815
525,0.7828539857051842
526,0.7838161897547237
527,0.7847731648013183
528,0.785724938286316
529,0.7866715375512454
530,0.7876129898372985
531,0.7885493222848419
532,0.7894805619329709
533,0.7904067357190763
534,0.7913278704784679
535,0.7922439929439984
536,0.7931551297457332
537,0.7940613074106373
538,0.7949625523622879
539,0.7958588909206183
540,0.7967503493016722
541,0.7976369536173907
542,0.7985187298754104
543,0.7993957039788939
544,0.8002679017263663
545,0.7742739095508315
546,0.7752445982543476
547,0.7762103150440368
548,0.7771710837412489
549,0.778126928091245
550,0.7790778717628141
551,0.7800239383478933
552,0.780965151361243
553,0.7819015342401153
554,0.7828331103439695
555,0.7837599029541995
556,0.7846819352738825
557,0.7855992304275463
558,0.7865118114609602
559,0.7874197013409421
560,0.788322922955177
561,0.7892214991120642
562,0.7901154525405684
563,0.7910048058900897
564,0.7918895817303483
565,0.7927698025512824
566,0.7936454907629569
567,0.7945166686954871
568,0.7953833585989709
569,0.7962455826434326
570,0.7971033629187755
571,0.7979567214347486
572,0.7988056801209147
573,0.7996502608266345
574,0.8004904853210562
575,0.7754326119213889
576,0.776362146733614
577,0.7772871766151161
578,0.778207721609887
579,0.7791238016998601
580,0.780035436804853
581,0.7809426467825044
582,0.7818454514282321
583,0.7827438704751993
584,0.783637923594297
585,0.7845276303941177
586,0.785413010420964
587,0.7862940831588453
588,0.7871708680294897
589,0.788043384392363
590,0.7889116515446968
591,0.7897756887215137
592,0.7906355150956703
593,0.7914911497778943
594,0.7923426118168397
595,0.793189920199129
596,0.7940330938494167
597,0.7948721516304407
598,0.7957071123430988
599,0.7965379947264989
600,0.7973648174580394
601,0.798187599153474
602,0.7990063583669912
603,0.7998211135912817
604,0.8006318832576236
605,0.7764401361937306
606,0.7773321141179037
607,0.7782199954331384
608,0.7791037970640309
609,0.7799835358847209
610,0.780859228719005
611,0.7817308923404672
612,0.782598543472602
613,0.7834621987889402
614,0.7843218749131918
615,0.7851775884193686
616,0.7860293558319298
617,0.786877193625918
618,0.787721118227099
619,0.7885611460121018
620,0.7893972933085618
621,0.7902295763952638
622,0.7910580115022816
623,0.7918826148111234
624,0.7927034024548716
625,0.7935203905183243
626,0.7943335950381395
627,0.7951430320029758
628,0.7959487173536226
629,0.7967506669831516
630,0.797548896737043
631,0.7983434224133232
632,0.7991342597627017
633,0.7999214244887018
634,0.8007049322477842
635,0.7773179368702681
636,0.7781754727578171
637,0.7790292708388226
638,0.7798793454561823
639,0.7807257109116906
640,0.7815683814662476
641,0.7824073713400905
642,0.7832426947130049
643,0.7840743657245535
644,0.7849023984742916
645,0.7857268070219818
646,0.7865476053878125
647,0.7873648075526061
648,0.7881784274580388
649,0.7889884790068419
650,0.7897949760630121
651,0.7905979324520124
652,0.7913973619609798
653,0.7921932783389173
654,0.7929856952968906
655,0.7937746265082241
656,0.7945600856086871
657,0.7953420861966792
658,0.7961206418334166
659,0.7968957660431093
660,0.7976674723131345
661,0.7984357740942135
662,0.7992006848005784
663,0.7999622178101369
664,0.8007203864646328
665,0.7780839682103268
666,0.7789097772550091
667,0.7797321652600422
668,0.7805511444260653
669,0.7813667269200106
670,0.7821789248753919
671,0.7829877503925587
672,0.7837932155389785
673,0.7845953323494967
674,0.7853941128265983
675,0.7861895689406705
676,0.7869817126302514
677,0.7877705558022884
678,0.7885561103323809
679,0.7893383880650288
680,0.7901174008138665
681,0.7908931603619032
682,0.7916656784617554
683,0.7924349668358691
684,0.7932010371767501
685,0.7939639011471752
686,0.7947235703804205
687,0.7954800564804544
688,0.796233371022156
689,0.796983525551514
690,0.7977305315858246
691,0.7984744006138811
692,0.7992151440961638
693,0.7999527734650298
694,0.8006873001248812
695,0.7787533391527829
696,0.7795498031719816
697,0.7803431270366001
698,0.7811333211645518
699,0.7819203959458649
700,0.7827043617429569
701,0.7834852288909433
702,0.784263007697921
703,0.7850377084452476
704,0.785809341387828
705,0.7865779167543898
706,0.787343444747749
707,0.7881059355450881
708,0.7888653992982045
709,0.7896218461337842
710,0.7903752861536455
711,0.791125729434992
712,0.7918731860306557
713,0.7926176659693411
714,0.7933591792558564
715,0.7940977358713476
716,0.794833345773522
717,0.795566018896874
718,0.7962957651528979
719,0.7970225944303043
720,0.7977465165952217
721,0.7984675414914073
722,0.7991856789404385
723,0.7999009387419098
724,0.8006133306736223
725,0.7793388316316227
726,0.7801080525839864
727,0.780874383470148
728,0.7816378332200687
729,0.7823984107403278
730,0.7831561249144194
731,0.7839109846030502
732,0.78466299864443
733,0.7854121758545586
734,0.7861585250275088
735,0.7869020549357051
736,0.7876427743301974
737,0.7883806919409295
738,0.7891158164770077
739,0.7898481566269581
740,0.7905777210589844
741,0.7913045184212174
742,0.7920285573419643
743,0.7927498464299548
744,0.7934683942745704
745,0.794184209446086
746,0.7948973004958934
747,0.7956076759567297
748,0.7963153443428939
749,0.797020314150465
750,0.7977225938575093
751,0.7984221919242883
752,0.7991191167934641
753,0.7998133768902884
754,0.8005049806228002
755,0.779851312959127
756,0.7805951563871398
757,0.7813363332652733
758,0.7820748512777882
759,0.7828107180890471
760,0.7835439413438187
761,0.784274528667554
762,0.7850024876666869
763,0.7857278259288984
764,0.7864505510234031
765,0.7871706705012148
766,0.7878881918954221
767,0.7886031227214414
768,0.7893154704772898
769,0.7900252426438286
770,0.7907324466850203
771,0.7914370900481754
772,0.7921391801641933
773,0.7928387244478032
774,0.7935357302977964
775,0.7942302050972563
776,0.7949221562137877
777,0.7956115909997311
778,0.7962985167923883
779,0.7969829409142309
780,0.7976648706731089
781,0.798344313362459
782,0.7990212762614994
783,0.7996957666354337
784,0.8003677917356345
785,0.7803000657775494
786,0.7810201962689991
787,0.7817378606839925
788,0.7824530656607379
789,0.7831658178202416
790,0.783876123766603
791,0.7845839900872726
792,0.7852894233533386
793,0.7859924301197878
794,0.7866930169257687
795,0.7873911902948563
796,0.7880869567353085
797,0.788780322740314
798,0.7894712947882482
799,0.7901598793429149
800,0.7908460828537885
801,0.7915299117562563
802,0.792211372471842
803,0.7928904714084511
804,0.7935672149605859
805,0.7942416095095699
806,0.7949136614237736
807,0.7955833770588223
808,0.7962507627578124
809,0.796915824851514
810,0.7975785696585815
811,0.7982390034857476
812,0.7988971326280245
813,0.7995529633688911
814,0.8002065019804888
815,0.7806930535970854
816,0.7813909638975147
817,0.7820865885166405
818,0.7827799332116508
819,0.7834710037246223
820,0.7841598057827864
821,0.7848463450987878
822,0.7855306273709382
823,0.7862126582834706
824,0.7868924435067882
825,0.7875699886977136
826,0.7882452994997255
827,0.7889183815432051
828,0.7895892404456648
829,0.7902578818119902
830,0.7909243112346672
831,0.7915885342939988
832,0.7922505565583448
833,0.7929103835843279
834,0.7935680209170578
835,0.7942234740903444
836,0.7948767486268966
837,0.795527850038551
838,0.7961767838264491
839,0.7968235554812609
840,0.7974681704833619
841,0.7981106343030413
842,0.7987509524006847
843,0.79938913022696
844,0.800025173223007
845,0.7810371357608802
846,0.7817141708116617
847,0.7823890830022218
848,0.7830618773455641
849,0.7837325588412014
850,0.7844011324754012
851,0.7850676032214261
852,0.7857319760397733
853,0.7863942558784125
854,0.787054447673009
855,0.7877125563471757
856,0.788368586812673
857,0.789022543969655
858,0.7896744327068818
859,0.7903242579019426
860,0.7909720244214667
861,0.7916177371213439
862,0.79226140084693
863,0.7929030204332559
864,0.7935426007052366
865,0.794180146477866
866,0.7948156625564199
867,0.7954491537366571
868,0.7960806248050053
869,0.7967100805387546
870,0.7973375257062467
871,0.7979629650670627
872,0.7985864033721953
873,0.799207845364239
874,0.7998272957775628
875,0.8004447593384799
876,0.7819956194002695
877,0.7826510208142528
878,0.7833044511243856
879,0.783955914701056
880,0.7846054159026566
881,0.7852529590758077
882,0.7858985485555705
883,0.786542188665679
884,0.7871838837187407
885,0.7878236380164639
886,0.7884614558498625
887,0.7890973414994655
888,0.7897312992355288
889,0.7903633333182313
890,0.7909934479978842
891,0.7916216475151288
892,0.7922479361011346
893,0.7928723179777883
894,0.7934947973578971
895,0.7941153784453728
896,0.7947340654354171
897,0.7953508625147095
898,0.7959657738615952
899,0.7965788036462581
900,0.7971899560309024
901,0.7977992351699276
902,0.7984066452101041
903,0.799012190290742
904,0.7996158745438576
905,0.8002177020943437
906,0.7822403429996962
907,0.7828773259337592
908,0.7835124709705701
909,0.7841457819460442
910,0.7847772626850866
911,0.7854069170017918
912,0.7860347486996525
913,0.7866607615717528
914,0.7872849594009756
915,0.7879073459601972
916,0.7885279250124827
917,0.7891467003112795
918,0.7897636756006109
919,0.7903788546152618
920,0.7909922410809727
921,0.791603838714618
922,0.7922136512243976
923,0.7928216823100122
924,0.7934279356628482
925,0.7940324149661524
926,0.7946351238952101
927,0.7952360661175147
928,0.7958352452929462
929,0.7964326650739362
930,0.7970283291056341
931,0.7976222410260807
932,0.7982144044663636
933,0.7988048230507837
934,0.7993935003970112
935,0.7999804401162491
936,0.8005656458133807
937,0.7830722824832934
938,0.7836901269355481
939,0.7843062580833512
940,0.7849206792971188
941,0.7855333939372258
942,0.7861444053541983
943,0.7867537168888925
944,0.7873613318726841
945,0.787967253627644
946,0.7885714854667204
947,0.7891740306939158
948,0.7897748926044722
949,0.7903740744850309
950,0.7909715796138194
951,0.7915674112608179
952,0.7921615726879297
953,0.79275406714915
954,0.7933448978907367
955,0.7939340681513676
956,0.7945215811623149
957,0.7951074401475956
958,0.7956916483241454
959,0.7962742089019641
960,0.7968551250842801
961,0.7974344000677062
962,0.7980120370423905
963,0.7985880391921699
964,0.7991624096947194
965,0.7997351517217036
966,0.8003062684389167
967,0.7832396282609284
968,0.7838410741390992
969,0.7844409168719776
970,0.7850391594417895
971,0.7856358048213515
972,0.7862308559742367
973,0.7868243158549417
974,0.7874161874090638
975,0.7880064735734552
976,0.7885951772763954
977,0.789182301437752
978,0.7897678489691443
979,0.7903518227741018
980,0.7909342257482279
981,0.7915150607793546
982,0.7920943307477041
983,0.7926720385260382
984,0.7932481869798156
985,0.7938227789673493
986,0.7943958173399536
987,0.7949673049420947
988,0.7955372446115409
989,0.796105639179509
990,0.7966724914708153
991,0.797237804304015
992,0.7978015804915445
993,0.798363822839873
994,0.7989245341496345
995,0.7994837172157679
996,0.8000413748276602
997,0.7833826326902757
998,0.783968509000152
999,0.7845528828681889
1000,0.7851357569442106
1001,0.7857171338691488
1002,0.7862970162752022
1003,0.7868754067859821
1004,0.7874523080166724
1005,0.7880277225741773
1006,0.7886016530572708
1007,0.789174102056751
1008,0.7897450721555839
1009,0.79031456592905
1010,0.7908825859448988
1011,0.7914491347634804
1012,0.7920142149379041
1013,0.7925778290141736
1014,0.793139979531329
1015,0.7937006690215933
1016,0.7942599000105046
1017,0.7948176750170621
1018,0.795373996553862
1019,0.7959288671272284
1020,0.7964822892373626
1021,0.7970342653784609
1022,0.7975847980388616
1023,0.7981338897011684
1024,0.7986815428423857
1025,0.7992277599340504
1026,0.7997725434423545
1027,0.8003158958282799
1028,0.7840752331135273
1029,0.7846448939114145
1030,0.7852131468738097
1031,0.785779994356741
1032,0.7863454387079246
1033,0.7869094822669123
1034,0.7874721273652281
1035,0.7880333763265027
1036,0.7885932314666162
1037,0.7891516950938253
1038,0.789708769508909
1039,0.7902644570052977
1040,0.7908187598692035
1041,0.7913716803797615
1042,0.7919232208091512
1043,0.7924733834227402
1044,0.7930221704792053
1045,0.7935695842306618
1046,0.7941156269227995
1047,0.7946603007950038
1048,0.7952036080804847
1049,0.7957455510064054
1050,0.7962861317940035
1051,0.7968253526587162
1052,0.7973632158103089
1053,0.797899723452985
1054,0.7984348777855252
1055,0.7989686810013924
1056,0.7995011352888606
1057,0.8000322428311302
1058,0.7841637070353147
1059,0.7847193537559402
1060,0.7852736770446724
1061,0.7858266790123484
1062,0.7863783617618691
1063,0.7869287273883389
1064,0.7874777779791776
1065,0.7880255156142549
1066,0.7885719423660074
1067,0.7891170602995681
1068,0.7896608714728833
1069,0.7902033779368389
1070,0.7907445817353838
1071,0.7912844849056438
1072,0.791823089478049
1073,0.792360397476451
1074,0.7928964109182408
1075,0.793431131814469
1076,0.7939645621699638
1077,0.794496703983445
1078,0.7950275592476458
1079,0.7955571299494224
1080,0.7960854180698759
1081,0.79661242558446
1082,0.7971381544630969
1083,0.7976626066702954
1084,0.7981857841652543
1085,0.7987076889019793
1086,0.799228322829395
1087,0.7997476878914505
1088,0.8002657860272311
1089,0.7847783766066218
1090,0.7853194116079337
1091,0.7858592026835078
1092,0.7863977517250509
1093,0.7869350606167927
1094,0.7874711312355938
1095,0.7880059654510649
1096,0.788539565125675
1097,0.7890719321148638
1098,0.7896030682671563
1099,0.7901329754242635
1100,0.7906616554212075
1101,0.7911891100864207
1102,0.7917153412418567
1103,0.7922403507031021
1104,0.7927641402794842
1105,0.7932867117741788
1106,0.7938080669843163
1107,0.7943282077010891
1108,0.7948471357098595
1109,0.795364852790264
1110,0.7958813607163203
1111,0.796396661256531
1112,0.7969107561739857
1113,0.7974236472264705
1114,0.7979353361665652
1115,0.7984458247417505
1116,0.798955114694505
1117,0.799463207762412
1118,0.799970105678258
1119,0.8004758101701323
1120,0.7853521681105261
1121,0.7858793386205621
1122,0.7864053382070759
1123,0.7869301685719402
1124,0.7874538314099544
1125,0.7879763284089388
1126,0.7884976612498384
1127,0.7890178316068234
1128,0.7895368411473925
1129,0.7900546915324688
1130,0.7905713844165033
1131,0.7910869214475715
1132,0.7916013042674741
1133,0.7921145345118343
1134,0.7926266138102003
1135,0.7931375437861388
1136,0.793647326057333
1137,0.7941559622356826
1138,0.7946634539274005
1139,0.7951698027331062
1140,0.7956750102479249
1141,0.7961790780615823
1142,0.7966820077584993
1143,0.7971838009178892
1144,0.797684459113848
1145,0.7981839839154539
1146,0.7986823768868543
1147,0.7991796395873662
1148,0.7996757735715634
1149,0.8001707803893717
1150,0.785373549128204
1151,0.7858886494570264
1152,0.786402644479216
1153,0.7869155357385577
1154,0.7874273247720306
1155,0.7879380131098949
1156,0.7884476022757895
1157,0.7889560937868189
1158,0.7894634891536381
1159,0.7899697898805552
1160,0.7904749974656109
1161,0.7909791134006754
1162,0.7914821391715294
1163,0.7919840762579646
1164,0.792484926133863
1165,0.7929846902672921
1166,0.7934833701205883
1167,0.7939809671504505
1168,0.794477482808023
1169,0.7949729185389873
1170,0.7954672757836488
1171,0.7959605559770183
1172,0.7964527605489107
1173,0.7969438909240167
1174,0.7974339485220041
1175,0.7979229347575868
1176,0.7984108510406314
1177,0.798897698776222
1178,0.7993834793647562
1179,0.7998681942020298
1180,0.8003518446793154
1181,0.7858885137629954
1182,0.7863910134862873
1183,0.7868924699470653
1184,0.7873928845451578
1185,0.7878922586739279
1186,0.78839059372035
1187,0.7888878910650997
1188,0.7893841520826248
1189,0.7898793781412352
1190,0.7903735706031783
1191,0.790866730824722
1192,0.7913588601562346
1193,0.7918499599422681
1194,0.7923400315216343
1195,0.7928290762274866
1196,0.7933170953874024
1197,0.7938040903234597
1198,0.7942900623523182
1199,0.7947750127852977
1200,0.7952589429284609
1201,0.7957418540826858
1202,0.7962237475437505
1203,0.7967046246024089
1204,0.7971844865444722
1205,0.7976633346508838
1206,0.7981411701977952
1207,0.7986179944566506
1208,0.7990938086942602
1209,0.7995686141728735
1210,0.8000424121502665
1211,0.7858801488856129
1212,0.7863716302271463
1213,0.7868621243026643
1214,0.787351632392491
1215,0.7878401557707299
1216,0.788327695705329
1217,0.788814253458158
1218,0.7892998302850798
1219,0.7897844274360205
1220,0.7902680461550484
1221,0.7907506876804414
1222,0.7912323532447604
1223,0.791713044074923
1224,0.7921927613922769
1225,0.7926715064126687
1226,0.7931492803465162
1227,0.7936260843988846
1228,0.7941019197695529
1229,0.7945767876530899
1230,0.7950506892389269
1231,0.7955236257114187
1232,0.7959955982499303
1233,0.7964666080288975
1234,0.7969366562179004
1235,0.7974057439817364
1236,0.7978738724804888
1237,0.7983410428695977
1238,0.7988072562999297
1239,0.7992725139178537
1240,0.7997368168653003
1241,0.8002001662798446
1242,0.7863455410748817
1243,0.7868255161204799
1244,0.7873045569742789
1245,0.7877826648062067
1246,0.7882598407802636
1247,0.7887360860545893
1248,0.7892114017815312
1249,0.7896857891077087
1250,0.7901592491740751
1251,0.7906317831159869
1252,0.7911033920632671
1253,0.7915740771402661
1254,0.7920438394659322
1255,0.7925126801538764
1256,0.7929806003124318
1257,0.7934476010447237
1258,0.7939136834487311
1259,0.7943788486173518
1260,0.7948430976384709
1261,0.795306431595015
1262,0.795768851565032
1263,0.7962303586217401
1264,0.7966909538336007
1265,0.7971506382643817
1266,0.7976094129732201
1267,0.7980672790146829
1268,0.7985242374388406
1269,0.7989802892913163
1270,0.799435435613367
1271,0.7998896774419293
1272,0.8003430158096978
1273,0.7867835433259507
1274,0.7872525300245937
1275,0.7877206316815597
1276,0.7881878493698169
1277,0.7886541841566903
1278,0.7891196371039211
1279,0.7895842092677272
1280,0.7900479016988596
1281,0.7905107154426576
1282,0.7909726515391146
1283,0.7914337110229249
1284,0.7918938949235548
1285,0.7923532042652874
1286,0.7928116400672942
1287,0.7932692033436793
1288,0.7937258951035482
1289,0.7941817163510585
1290,0.7946366680854857
1291,0.7950907513012725
1292,0.7955439669880929
1293,0.7959963161309063
1294,0.7964477997100187
1295,0.7968984187011385
1296,0.7973481740754312
1297,0.7977970667995886
1298,0.798245097835869
1299,0.7986922681421691
1300,0.7991385786720767
1301,0.7995840303749271
1302,0.8000286241958606
1303,0.7867369987006076
1304,0.787196320318799
1305,0.7876548014876078
1306,0.7881124432000404
1307,0.7885692464436801
1308,0.7890252122007336
1309,0.7894803414480893
1310,0.7899346351573647
1311,0.7903880942949557
1312,0.7908407198220954
1313,0.7912925126948999
1314,0.7917434738644255
1315,0.7921936042767134
1316,0.7926429048728463
1317,0.7930913765890016
1318,0.7935390203564981
1319,0.7939858371018556
1320,0.7944318277468365
1321,0.794876993208508
1322,0.7953213343992883
1323,0.7957648522269949
1324,0.7962075475949114
1325,0.7966494214018217
1326,0.7970904745420712
1327,0.7975307079056196
1328,0.7979701223780867
1329,0.7984087188408133
1330,0.7988464981709038
1331,0.7992834612412844
1332,0.7997196089207517
1333,0.8001549420740265
1334,0.78713660584066
1335,0.787585830436121
1336,0.7880342569982932
1337,0.788481886444523
1338,0.7889287196869944
1339,0.7893747576327694
1340,0.7898200011838363
1341,0.7902644512371597
1342,0.7907081086847181
1343,0.7911509744135583
1344,0.7915930493058352
1345,0.7920343342388643
1346,0.7924748300851635
1347,0.7929145377124968
1348,0.7933534579839252
1349,0.7937915917578569
1350,0.7942289398880832
1351,0.7946655032238322
1352,0.7951012826098147
1353,0.7955362788862668
1354,0.7959704928890029
1355,0.7964039254494565
1356,0.7968365773947267
1357,0.7972684495476321
1358,0.7976995427267484
1359,0.7981298577464597
1360,0.798559395417007
1361,0.7989881565445289
1362,0.7994161419311137
1363,0.799843352374842
1364,0.8002697886698396
1365,0.7875142962804524
1366,0.7879538487133958
1367,0.7883926425613287
1368,0.7888306786745772
1369,0.7892679578985545
1370,0.7897044810737942
1371,0.7901402490359962
1372,0.790575262616061
1373,0.7910095226401412
1374,0.7914430299296704
1375,0.7918757853014105
1376,0.7923077895674928
1377,0.7927390435354604
1378,0.793169548008304
1379,0.7935993037845074
1380,0.7940283116580903
1381,0.7944565724186465
1382,0.7948840868513823
1383,0.7953108557371694
1384,0.7957368798525731
1385,0.7961621599699019
1386,0.796586696857246
1387,0.7970104912785244
1388,0.7974335439935173
1389,0.7978558557579166
1390,0.7982774273233618
1391,0.7986982594374848
1392,0.7991183528439532
1393,0.7995377082825094
1394,0.7999563264890128
1395,0.8003742081954821
1396,0.7878717084630833
1397,0.7883019868457214
1398,0.7887315433806907
1399,0.7891603788587883
1400,0.7895884940661243
1401,0.7900158897841721
1402,0.7904425667897892
1403,0.7908685258552623
1404,0.7912937677483416
1405,0.7917182932322746
1406,0.7921421030658483
1407,0.7925651980034194
1408,0.7929875787949541
1409,0.7934092461860663
1410,0.7938302009180497
1411,0.7942504437279192
1412,0.7946699753484465
1413,0.795088796508193
1414,0.795506907931554
1415,0.7959243103387906
1416,0.7963410044460683
1417,0.7967569909654939
1418,0.797172270605154
1419,0.7975868440691525
1420,0.798000712057644
1421,0.7984138752668768
1422,0.7988263343892258
1423,0.7992380901132362
1424,0.7996491431236525
1425,0.8000594941014605
1426,0.7877882663833212
1427,0.7882103326989448
1428,0.7886317106815081
1429,0.7890524010732548
1430,0.7894724046119401
1431,0.7898917220308648
1432,0.7903103540589035
1433,0.7907283014205431
1434,0.7911455648359047
1435,0.7915621450207888
1436,0.7919780426866944
1437,0.7923932585408605
1438,0.7928077932862957
1439,0.7932216476218066
1440,0.7936348222420403
1441,0.7940473178375054
1442,0.794459135094612
1443,0.7948702746957028
1444,0.7952807373190878
1445,0.795690523639072
1446,0.7960996343259931
1447,0.796508070046255
1448,0.796915831462357
1449,0.7973229192329306
1450,0.7977293340127707
1451,0.798135076452872
1452,0.798540147200457
1453,0.7989445468990163
1454,0.7993482761883357
1455,0.799751335704537
1456,0.8001537260801047
1457,0.7881180416402931
1458,0.7885315267523938
1459,0.7889443555625882
1460,0.7893565287655043
1461,0.7897680470515045
1462,0.7901789111067065
1463,0.7905891216130216
1464,0.7909986792481725
1465,0.7914075846857331
1466,0.7918158385951471
1467,0.7922234416417614
1468,0.7926303944868509
1469,0.7930366977876533
1470,0.7934423521973938
1471,0.7938473583653126
1472,0.7942517169367002
1473,0.7946554285529129
1474,0.7950584938514236
1475,0.7954609134658288
1476,0.7958626880258914
1477,0.7962638181575671
1478,0.7966643044830319
1479,0.797064147620711
1480,0.797463348185314
1481,0.7978619067878581
1482,0.7982598240357028
1483,0.7986571005325751
1484,0.7990537368786043
1485,0.7994497336703487
1486,0.7998450915008253
1487,0.8002398109595424
1488,0.7884312929150237
1489,0.7888365295448933
1490,0.7892411398124363
1491,0.7896451243695902
1492,0.7900484838642339
1493,0.790451218940214
1494,0.7908533302373706
1495,0.7912548183915603
1496,0.7916556840346803
1497,0.7920559277946979
1498,0.7924555502956676
1499,0.7928545521577673
1500,0.793252933997316
1501,0.7936506964267962
1502,0.7940478400548905
1503,0.794444365486501
1504,0.7948402733227716
1505,0.7952355641611176
1506,0.795630238595255
1507,0.7960242972152197
1508,0.7964177406073976
1509,0.7968105693545495
1510,0.7972027840358384
1511,0.7975943852268561
1512,0.7979853734996473
1513,0.7983757494227377
1514,0.7987655135611594
1515,0.7991546664764806
1516,0.7995432087268314
1517,0.7999311408669243
1518,0.8003184634480892
1519,0.7887291714950848
1520,0.7891264732335138
1521,0.7895231766267603
1522,0.7899192822883682
1523,0.790314790828026
1524,0.7907097028515837
1525,0.7911040189610856
1526,0.7914977397547784
1527,0.791890865827146
1528,0.7922833977689194
1529,0.7926753361671101
1530,0.793066681605026
1531,0.793457434662295
1532,0.7938475959148885
1533,0.7942371659351417
1534,0.7946261452917818
1535,0.7950145345499406
1536,0.7954023342711884
1537,0.7957895450135513
1538,0.7961761673315325
1539,0.7965622017761406
1540,0.7969476488949092
1541,0.7973325092319202
1542,0.7977167833278298
1543,0.798100471719889
1544,0.7984835749419669
1545,0.7988660935245784
1546,0.7992480279949031
1547,0.7996293788768145
1548,0.8000101466908949
1549,0.7886224956130096
1550,0.7890127310883946
1551,0.7894023938836839
1552,0.7897914845814636
1553,0.7901800037606409
1554,0.7905679519964616
1555,0.7909553298605202
1556,0.7913421379207906
1557,0.7917283767416402
1558,0.7921140468838475
1559,0.7924991489046258
1560,0.7928836833576416
1561,0.7932676507930289
1562,0.7936510517574151
1563,0.7940338867939414
1564,0.7944161564422783
1565,0.7947978612386459
1566,0.7951790017158394
1567,0.7955595784032424
1568,0.7959395918268527
1569,0.7963190425092955
1570,0.7966979309698559
1571,0.7970762577244844
1572,0.7974540232858313
1573,0.7978312281632569
1574,0.7982078728628577
1575,0.798583957887488
1576,0.7989594837367787
1577,0.799334450907155
1578,0.7997088598918635
1579,0.8000827111809932
1580,0.7889000858916967
1581,0.7892829374227187
1582,0.7896652409219632
1583,0.7900469969404874
1584,0.7904282060258476
1585,0.7908088687221267
1586,0.7911889855699399
1587,0.7915685571064567
1588,0.7919475838654231
1589,0.7923260663771636
1590,0.7927040051686167
1591,0.793081400763338
1592,0.7934582536815231
1593,0.7938345644400261
1594,0.7942103335523734
1595,0.7945855615287852
1596,0.7949602488761859
1597,0.7953343960982346
1598,0.7957080036953286
1599,0.7960810721646311
1600,0.7964536020000842
1601,0.7968255936924283
1602,0.7971970477292223
1603,0.7975679645948595
1604,0.7979383447705837
1605,0.7983081887345118
1606,0.7986774969616527
1607,0.799046269923921
1608,0.799414508090158
1609,0.799782211926153
1610,0.8001493818946569
1611,0.7891649431135864
1612,0.7895406767660383
1613,0.7899158855270259
1614,0.7902905699189668
1615,0.7906647304609582
1616,0.7910383676687961
1617,0.7914114820549872
1618,0.7917840741287628
1619,0.7921561443960959
1620,0.7925276933597157
1621,0.7928987215191213
1622,0.7932692293705962
1623,0.7936392174072302
1624,0.7940086861189214
1625,0.7943776359924032
1626,0.794746067511254
1627,0.7951139811559178
1628,0.795481377403712
1629,0.7958482567288486
1630,0.7962146196024493
1631,0.7965804664925602
1632,0.7969457978641666
1633,0.7973106141792102
1634,0.7976749158966084
1635,0.7980387034722642
1636,0.7984019773590852
1637,0.7987647380070028
1638,0.799126985862984
1639,0.7994887213710481
1640,0.7998499449722871
1641,0.8002106571048794
1642,0.7894178957721293
1643,0.7897867635052916
1644,0.790155128093985
1645,0.7905229900345293
1646,0.7908903498201023
1647,0.791257207940742
1648,0.7916235648833687
1649,0.7919894211317894
1650,0.792354777166718
1651,0.7927196334657837
1652,0.7930839905035435
1653,0.7934478487515
1654,0.7938112086781103
1655,0.7941740707488009
1656,0.7945364354259814
1657,0.7948983031690549
1658,0.7952596744344385
1659,0.7956205496755699
1660,0.795980929342923
1661,0.7963408138840242
1662,0.7967002037434625
1663,0.7970590993629078
1664,0.7974175011811209
1665,0.7977754096339684
1666,0.7981328251544394
1667,0.7984897481726569
1668,0.7988461791158928
1669,0.7992021184085852
1670,0.7995575664723467
1671,0.7999125237259843
1672,0.8002669905855123
1673,0.7896597062283213
1674,0.790021946901314
1675,0.7903837048879162
1676,0.7907449806605996
1677,0.7911057746888521
1678,0.7914660874391879
1679,0.7918259193751565
1680,0.7921852709573591
1681,0.7925441426434534
1682,0.7929025348881684
1683,0.7932604481433164
1684,0.7936178828578027
1685,0.7939748394776364
1686,0.7943313184459447
1687,0.7946873202029837
1688,0.795042845186148
1689,0.7953978938299867
1690,0.7957524665662077
1691,0.7961065638237007
1692,0.7964601860285385
1693,0.7968133336039975
1694,0.7971660069705636
1695,0.7975182065459504
1696,0.7978699327451029
1697,0.7982211859802217
1698,0.7985719666607645
1699,0.7989222751934648
1700,0.7992721119823424
1701,0.7996214774287194
1702,0.7999703719312262
1703,0.8003187958858216
1704,0.7898910768343279
1705,0.7902469171212545
1706,0.790602293986148
1707,0.7909572078796123
1708,0.7913116592494214
1709,0.7916656485405292
1710,0.7920191761950776
1711,0.7923722426524077
1712,0.7927248483490714
1713,0.7930769937188353
1714,0.7934286791926988
1715,0.7937799051988946
1716,0.7941306721629087
1717,0.79448098050748
1718,0.7948308306526222
1719,0.7951802230156209
1720,0.795529158011059
1721,0.7958776360508107
1722,0.7962256575440642
1723,0.7965732228973278
1724,0.7969203325144417
1725,0.7972669867965845
1726,0.7976131861422903
1727,0.7979589309474542
1728,0.7983042216053476
1729,0.7986490585066248
1730,0.7989934420393378
1731,0.7993373725889431
1732,0.7996808505383185
1733,0.8000238762677655
1734,0.7897625544904189
1735,0.7901126554119338
1736,0.7904623106357952
1737,0.7908115205951811
1738,0.7911602857205785
1739,0.7915086064397927
1740,0.7918564831779554
1741,0.7922039163575302
1742,0.792550906398329
1743,0.7928974537175101
1744,0.793243558729595
1745,0.793589221846471
1746,0.7939344434774022
1747,0.7942792240290412
1748,0.7946235639054327
1749,0.7949674635080245
1750,0.7953109232356771
1751,0.7956539434846722
1752,0.7959965246487215
1753,0.7963386671189749
1754,0.7966803712840316
1755,0.7970216375299483
1756,0.7973624662402472
1757,0.7977028577959272
1758,0.7980428125754722
1759,0.7983823309548627
1760,0.7987214133075825
1761,0.7990600600046286
1762,0.7993982714145228
1763,0.7997360479033203
1764,0.8000733898346211
1765,0.7899809367197362
1766,0.7903250401625516
1767,0.7906687150566448
1768,0.7910119618164875
1769,0.7913547808540067
1770,0.7916971725785844
1771,0.7920391373970741
1772,0.7923806757137937
1773,0.792721787930552
1774,0.7930624744466375
1775,0.7934027356588362
1776,0.7937425719614387
1777,0.7940819837462393
1778,0.7944209714025576
1779,0.7947595353172293
1780,0.7950976758746299
1781,0.7954353934566698
1782,0.7957726884428113
1783,0.7961095612100676
1784,0.7964460121330204
1785,0.7967820415838184
1786,0.7971176499321914
1787,0.7974528375454599
1788,0.7977876047885336
1789,0.7981219520239291
1790,0.7984558796117773
1791,0.7987893879098242
1792,0.799122477273449
1793,0.7994551480556645
1794,0.7997874006071302
1795,0.8001192352761626
1796,0.7901904823151789
1797,0.7905287840753307
1798,0.7908666734797314
1799,0.7912041509255381
1800,0.7915412168074962
1801,0.7918778715179431
1802,0.7922141154468167
1803,0.7925499489816574
1804,0.7928853725076216
1805,0.7932203864074799
1806,0.7935549910616272
1807,0.793889186848089
1808,0.794222974142529
1809,0.7945563533182521
1810,0.7948893247462134
1811,0.7952218887950254
1812,0.7955540458309613
1813,0.7958857962179664
1814,0.7962171403176594
1815,0.7965480784893436
1816,0.7968786110900106
1817,0.7972087384743517
1818,0.7975384609947593
1819,0.7978677790013371
1820,0.7981966928419061
1821,0.7985252028620136
1822,0.7988533094049383
1823,0.7991810128116974
1824,0.7995083134210564
1825,0.7998352115695317
1826,0.8001617075914063
1827,0.7903917123393692
1828,0.7907243988911131
1829,0.7910566883909683
1830,0.7913885812200164
1831,0.7917200777570511
1832,0.792051178378589
1833,0.7923818834588728
1834,0.7927121933698749
1835,0.7930421084813073
1836,0.7933716291606195
1837,0.7937007557730109
1838,0.7940294886814343
1839,0.7943578282465981
1840,0.7946857748269746
1841,0.7950133287788087
1842,0.7953404904561133
1843,0.7956672602106881
1844,0.7959936383921167
1845,0.7963196253477745
1846,0.796645221422834
1847,0.7969704269602715
1848,0.7972952423008739
1849,0.7976196677832419
1850,0.7979437037438001
1851,0.7982673505168001
1852,0.7985906084343247
1853,0.7989134778262996
1854,0.7992359590204969
1855,0.799558052342538
1856,0.7998797581159072
1857,0.8002010766619508
1858,0.7905851095853345
1859,0.7909123586726226
1860,0.7912392251841278
1861,0.7915657094859617
1862,0.7918918119420684
1863,0.792217532914233
1864,0.7925428727620931
1865,0.7928678318431337
1866,0.7931924105126941
1867,0.793516609123977
1868,0.7938404280280489
1869,0.7941638675738432
1870,0.794486928108169
1871,0.7948096099757147
1872,0.7951319135190503
1873,0.7954538390786359
1874,0.7957753869928211
1875,0.7960965575978577
1876,0.7964173512278978
1877,0.7967377682150024
1878,0.7970578088891439
1879,0.7973774735782129
1880,0.7976967626080231
1881,0.7980156763023183
1882,0.7983342149827719
1883,0.7986523789689998
1884,0.7989701685785593
1885,0.7992875841269577
1886,0.7996046259276576
1887,0.7999212942920821
1888,0.8002375895296194
1889,0.7907711218444785
1890,0.7910931030248142
1891,0.7914147153340907
1892,0.7917359591244337
1893,0.7920568347459254
1894,0.7923773425466005
1895,0.7926974828724614
1896,0.7930172560674689
1897,0.7933366624735586
1898,0.793655702430636
1899,0.7939743762765826
1900,0.7942926843472621
1901,0.7946106269765227
1902,0.7949282044961983
1903,0.7952454172361184
1904,0.7955622655241079
1905,0.79587874968599
1906,0.7961948700455974
1907,0.7965106269247674
1908,0.7968260206433513
1909,0.7971410515192202
1910,0.7974557198682631
1911,0.7977700260043995
1912,0.7980839702395756
1913,0.7983975528837749
1914,0.7987107742450191
1915,0.7990236346293721
1916,0.7993361343409537
1917,0.799648273681928
1918,0.7999600529525214
1919,0.800271472451023
1920,0.7909501648585657
1921,0.7912670400038881
1922,0.791583559263344
1923,0.7918997229759661
1924,0.7922155314788512
1925,0.792530985107168
1926,0.79284608419415
1927,0.7931608290711086
1928,0.7934752200674287
1929,0.7937892575105779
1930,0.7941029417261062
1931,0.7944162730376476
1932,0.7947292517669309
1933,0.7950418782337717
1934,0.7953541527560886
1935,0.7956660756498941
1936,0.7959776472293086
1937,0.7962888678065568
1938,0.7965997376919742
1939,0.7969102571940118
1940,0.7972204266192352
1941,0.7975302462723338
1942,0.7978397164561206
1943,0.7981488374715381
1944,0.7984576096176601
1945,0.7987660331916973
1946,0.7990741084890016
1947,0.7993818358030674
1948,0.7996892154255346
1949,0.7999962476462019
1950,0.8003029327530184
1951,0.7911226249899753
1952,0.7914345487486993
1953,0.7917461289349683
1954,0.7920573658755232
1955,0.792368259895276
1956,0.7926788113173121
1957,0.7929890204628881
1958,0.7932988876514385
1959,0.7936084132005762
1960,0.7939175974260977
1961,0.7942264406419824
1962,0.7945349431603973
1963,0.794843105291702
1964,0.795150927344446
1965,0.7954584096253746
1966,0.7957655524394316
1967,0.7960723560897645
1968,0.7963788208777243
1969,0.7966849471028651
1970,0.796990735062959
1971,0.7972961850539837
1972,0.797601297370139
1973,0.7979060723038401
1974,0.7982105101457292
1975,0.7985146111846689
1976,0.7988183757077552
1977,0.799121804000315
1978,0.7994248963459103
1979,0.7997276530263419
1980,0.8000300743216526
1981,0.7909814092127783
1982,0.7912888616403639
1983,0.791595981864235
1984,0.7919027702012998
1985,0.7922092269667365
1986,0.7925153524739877
1987,0.7928211470347684
1988,0.7931266109590649
1989,0.7934317445551384
1990,0.7937365481295288
1991,0.7940410219870523
1992,0.7943451664308036
1993,0.7946489817621659
1994,0.7949524682808079
1995,0.7952556262846835
1996,0.7955584560700352
1997,0.7958609579313995
1998,0.796163132161612
1999,0.796464979051798
